ArticleID,Text,True_Category
74,The parliamentary committee called for an emergency session to discuss the budget. Citizens expressed mixed reactions on social media. Opposition parties demanded clarifications.,Politics
19,The city football club set a new national record. The stadium was packed to capacity. Sponsors are reportedly pleased with the exposure.,Sports
119,The airline industry unveiled an ambitious five-year growth strategy. Trading volumes surged following the announcement. Trading volumes surged following the announcement.,Business
79,The newly elected mayor held talks with international leaders on trade relations. Citizens expressed mixed reactions on social media. The announcement sparked widespread debate.,Politics
77,The opposition leader announced a new economic policy during the parliamentary session. The decision is expected to take effect next month. International observers are closely watching the situation.,Politics
32,The software giant released a software update fixing critical security flaws. The company promised further updates soon. Shares rose sharply after the announcement.,Technology
65,The parliamentary committee announced a new economic policy during the parliamentary session. The decision is expected to take effect next month. Citizens expressed mixed reactions on social media.,Politics
142,The health ministry received approval for a new treatment method. Doctors recommend consulting a physician for more details. Experts urged the public to stay informed.,Health
69,The prime minister called for an emergency session to discuss the budget. The announcement sparked widespread debate. The announcement sparked widespread debate.,Politics
83,The finance minister faced backlash over the controversial new bill. The announcement sparked widespread debate. The announcement sparked widespread debate.,Politics
111,The central bank cut thousands of jobs amid restructuring. Analysts have revised their forecasts accordingly. Trading volumes surged following the announcement.,Business
13,The basketball league celebrated a historic victory. The stadium was packed to capacity. The coach praised the team's discipline.,Sports
37,The chip manufacturer announced record quarterly revenue driven by cloud services. Developers welcomed the new features. Analysts remain divided on its long-term impact.,Technology
10,The hockey squad suffered a surprise defeat in the semi-final. Ticket sales broke previous records. Ticket sales broke previous records.,Sports
20,The tennis champion set a new national record. Analysts called it the match of the season. Analysts called it the match of the season.,Sports
57,The ai research lab unveiled a new generation of processors. Users reported mixed experiences online. Competitors are expected to respond quickly.,Technology
105,The real estate sector expanded operations into new overseas markets. Investors reacted cautiously to the news. Investors reacted cautiously to the news.,Business
70,The foreign affairs secretary held talks with international leaders on trade relations. The announcement sparked widespread debate. International observers are closely watching the situation.,Politics
56,The software giant unveiled a new generation of processors. Competitors are expected to respond quickly. Competitors are expected to respond quickly.,Technology
133,The vaccine research institute called for greater investment in mental health services. Health officials called the results encouraging. The findings were published in a leading medical journal.,Health
30,The olympic sprinter set a new national record. Sponsors are reportedly pleased with the exposure. Analysts called it the match of the season.,Sports
128,The health ministry issued new guidelines for seasonal illness prevention. Doctors recommend consulting a physician for more details. The findings were published in a leading medical journal.,Health
27,The basketball league faced a tough injury setback before the match. The stadium was packed to capacity. Analysts called it the match of the season.,Sports
129,The pharmaceutical company called for greater investment in mental health services. Experts urged the public to stay informed. The campaign will run throughout the coming months.,Health
132,A group of nutrition experts called for greater investment in mental health services. The findings were published in a leading medical journal. Specialists say more research is still needed.,Health
146,The public health department received approval for a new treatment method. Specialists say more research is still needed. The findings were published in a leading medical journal.,Health
109,The leading retail chain faced supply chain disruptions affecting production. Industry experts called it a bold strategic shift. The move is seen as a sign of market confidence.,Business
144,The world health organization called for greater investment in mental health services. The findings were published in a leading medical journal. Health officials called the results encouraging.,Health
46,The electric vehicle company faced regulatory scrutiny over data privacy practices. The company promised further updates soon. Users reported mixed experiences online.,Technology
31,The ai research lab partnered with a university on machine learning research. Users reported mixed experiences online. The company promised further updates soon.,Technology
23,The hockey squad announced their squad for the upcoming tournament. Fans celebrated across the city. The coach praised the team's discipline.,Sports
16,The hockey squad announced their squad for the upcoming tournament. Analysts called it the match of the season. Sponsors are reportedly pleased with the exposure.,Sports
66,The foreign affairs secretary faced backlash over the controversial new bill. The decision is expected to take effect next month. Analysts predict significant policy shifts.,Politics
12,The city football club faced a tough injury setback before the match. Fans celebrated across the city. The stadium was packed to capacity.,Sports
43,The software giant reported a major data breach affecting millions of users. Analysts remain divided on its long-term impact. The company promised further updates soon.,Technology
147,The vaccine research institute warned of a rise in cases during the current season. The campaign will run throughout the coming months. The campaign will run throughout the coming months.,Health
52,The chip manufacturer faced regulatory scrutiny over data privacy practices. Developers welcomed the new features. The company promised further updates soon.,Technology
28,The marathon runner signed a new coach ahead of the season. The coach praised the team's discipline. The stadium was packed to capacity.,Sports
5,The tennis champion won the championship after a thrilling final. The stadium was packed to capacity. The coach praised the team's discipline.,Sports
33,The ai research lab released a software update fixing critical security flaws. Competitors are expected to respond quickly. Analysts remain divided on its long-term impact.,Technology
143,The public health department published a study linking diet to long-term health outcomes. Doctors recommend consulting a physician for more details. Doctors recommend consulting a physician for more details.,Health
86,The newly elected mayor addressed concerns over rising inflation in a public statement. Citizens expressed mixed reactions on social media. The announcement sparked widespread debate.,Politics
87,The opposition leader signed a landmark agreement with a neighboring country. Citizens expressed mixed reactions on social media. The announcement sparked widespread debate.,Politics
17,The marathon runner set a new national record. Ticket sales broke previous records. Ticket sales broke previous records.,Sports
11,The basketball league won the championship after a thrilling final. Sponsors are reportedly pleased with the exposure. Analysts called it the match of the season.,Sports
82,The prime minister faced backlash over the controversial new bill. Analysts predict significant policy shifts. The announcement sparked widespread debate.,Politics
134,A team of medical scientists called for greater investment in mental health services. Specialists say more research is still needed. The findings were published in a leading medical journal.,Health
138,The world health organization received approval for a new treatment method. Specialists say more research is still needed. The findings were published in a leading medical journal.,Health
76,The finance minister faced backlash over the controversial new bill. The decision is expected to take effect next month. Citizens expressed mixed reactions on social media.,Politics
110,The oil and gas company raised interest rates to curb rising inflation. Markets remain volatile amid the uncertainty. Trading volumes surged following the announcement.,Business
97,The real estate sector raised interest rates to curb rising inflation. The move is seen as a sign of market confidence. Markets remain volatile amid the uncertainty.,Business
106,The oil and gas company announced a major merger with a rival company. Industry experts called it a bold strategic shift. Analysts have revised their forecasts accordingly.,Business
67,The foreign affairs secretary held talks with international leaders on trade relations. Opposition parties demanded clarifications. Citizens expressed mixed reactions on social media.,Politics
1,The city football club won the championship after a thrilling final. Sponsors are reportedly pleased with the exposure. Ticket sales broke previous records.,Sports
123,A team of medical scientists launched a nationwide vaccination awareness campaign. The findings were published in a leading medical journal. The findings were published in a leading medical journal.,Health
68,The state government announced a new economic policy during the parliamentary session. International observers are closely watching the situation. Analysts predict significant policy shifts.,Politics
29,The chess grandmaster suffered a surprise defeat in the semi-final. Fans celebrated across the city. Fans celebrated across the city.,Sports
41,The ai research lab launched an updated artificial intelligence model. Competitors are expected to respond quickly. Users reported mixed experiences online.,Technology
45,The social media platform released a software update fixing critical security flaws. Users reported mixed experiences online. Competitors are expected to respond quickly.,Technology
61,The opposition leader addressed concerns over rising inflation in a public statement. International observers are closely watching the situation. The announcement sparked widespread debate.,Politics
124,The health ministry announced promising results from a new clinical trial. The findings were published in a leading medical journal. Doctors recommend consulting a physician for more details.,Health
25,The hockey squad trained intensively for the finals. The coach praised the team's discipline. Ticket sales broke previous records.,Sports
26,The olympic sprinter signed a new coach ahead of the season. Sponsors are reportedly pleased with the exposure. The stadium was packed to capacity.,Sports
24,The marathon runner signed a new coach ahead of the season. Sponsors are reportedly pleased with the exposure. Analysts called it the match of the season.,Sports
95,The airline industry faced supply chain disruptions affecting production. Industry experts called it a bold strategic shift. Markets remain volatile amid the uncertainty.,Business
40,The chip manufacturer announced record quarterly revenue driven by cloud services. Shares rose sharply after the announcement. Developers welcomed the new features.,Technology
96,The automobile manufacturer cut thousands of jobs amid restructuring. The move is seen as a sign of market confidence. The move is seen as a sign of market confidence.,Business
118,The oil and gas company saw its stock price plunge after disappointing results. The move is seen as a sign of market confidence. Trading volumes surged following the announcement.,Business
48,The electric vehicle company unveiled a new generation of processors. The company promised further updates soon. The company promised further updates soon.,Technology
98,The airline industry faced supply chain disruptions affecting production. Markets remain volatile amid the uncertainty. Markets remain volatile amid the uncertainty.,Business
114,The real estate sector expanded operations into new overseas markets. Trading volumes surged following the announcement. Markets remain volatile amid the uncertainty.,Business
34,The ai research lab released a software update fixing critical security flaws. Users reported mixed experiences online. Developers welcomed the new features.,Technology
139,The world health organization issued new guidelines for seasonal illness prevention. Doctors recommend consulting a physician for more details. Doctors recommend consulting a physician for more details.,Health
102,The oil and gas company cut thousands of jobs amid restructuring. The move is seen as a sign of market confidence. Investors reacted cautiously to the news.,Business
63,The finance minister signed a landmark agreement with a neighboring country. The decision is expected to take effect next month. The decision is expected to take effect next month.,Politics
85,The state government called for an emergency session to discuss the budget. Opposition parties demanded clarifications. Analysts predict significant policy shifts.,Politics
149,The health ministry issued new guidelines for seasonal illness prevention. Specialists say more research is still needed. Doctors recommend consulting a physician for more details.,Health
54,The cybersecurity firm announced record quarterly revenue driven by cloud services. Shares rose sharply after the announcement. Shares rose sharply after the announcement.,Technology
6,The hockey squad signed a new coach ahead of the season. Analysts called it the match of the season. The stadium was packed to capacity.,Sports
94,The national stock exchange cut thousands of jobs amid restructuring. Markets remain volatile amid the uncertainty. Investors reacted cautiously to the news.,Business
112,The leading retail chain expanded operations into new overseas markets. Industry experts called it a bold strategic shift. Analysts have revised their forecasts accordingly.,Business
50,The leading smartphone manufacturer announced record quarterly revenue driven by cloud services. Shares rose sharply after the announcement. Shares rose sharply after the announcement.,Technology
36,The chip manufacturer reported a major data breach affecting millions of users. The company promised further updates soon. Shares rose sharply after the announcement.,Technology
81,The foreign affairs secretary faced backlash over the controversial new bill. International observers are closely watching the situation. Analysts predict significant policy shifts.,Politics
78,The opposition leader criticized the government's handling of the recent crisis. International observers are closely watching the situation. Opposition parties demanded clarifications.,Politics
35,The software giant unveiled a new generation of processors. Competitors are expected to respond quickly. Competitors are expected to respond quickly.,Technology
115,The oil and gas company announced a major merger with a rival company. The move is seen as a sign of market confidence. Trading volumes surged following the announcement.,Business
8,The hockey squad celebrated a historic victory. Ticket sales broke previous records. The coach praised the team's discipline.,Sports
44,The cybersecurity firm announced record quarterly revenue driven by cloud services. The company promised further updates soon. Competitors are expected to respond quickly.,Technology
71,The opposition leader held talks with international leaders on trade relations. The announcement sparked widespread debate. International observers are closely watching the situation.,Politics
99,The national stock exchange saw its stock price plunge after disappointing results. The move is seen as a sign of market confidence. Markets remain volatile amid the uncertainty.,Business
121,Leading hospital researchers published a study linking diet to long-term health outcomes. The campaign will run throughout the coming months. Specialists say more research is still needed.,Health
84,The finance minister faced backlash over the controversial new bill. Citizens expressed mixed reactions on social media. International observers are closely watching the situation.,Politics
135,A team of medical scientists called for greater investment in mental health services. Experts urged the public to stay informed. Specialists say more research is still needed.,Health
136,A team of medical scientists launched a nationwide vaccination awareness campaign. Health officials called the results encouraging. Health officials called the results encouraging.,Health
90,The parliamentary committee announced a new economic policy during the parliamentary session. The announcement sparked widespread debate. The announcement sparked widespread debate.,Politics
9,The tennis champion celebrated a historic victory. Fans celebrated across the city. Fans celebrated across the city.,Sports
14,The city football club won the championship after a thrilling final. Sponsors are reportedly pleased with the exposure. The coach praised the team's discipline.,Sports
120,The national stock exchange unveiled an ambitious five-year growth strategy. Markets remain volatile amid the uncertainty. The move is seen as a sign of market confidence.,Business
126,The world health organization received approval for a new treatment method. Doctors recommend consulting a physician for more details. Doctors recommend consulting a physician for more details.,Health
4,The national cricket team won the championship after a thrilling final. Fans celebrated across the city. The coach praised the team's discipline.,Sports
18,The tennis champion announced their squad for the upcoming tournament. Sponsors are reportedly pleased with the exposure. Sponsors are reportedly pleased with the exposure.,Sports
39,The software giant unveiled a new generation of processors. Shares rose sharply after the announcement. Analysts remain divided on its long-term impact.,Technology
73,The state government announced a new economic policy during the parliamentary session. International observers are closely watching the situation. The announcement sparked widespread debate.,Politics
137,The public health department issued new guidelines for seasonal illness prevention. The findings were published in a leading medical journal. The findings were published in a leading medical journal.,Health
7,The basketball league won the championship after a thrilling final. The coach praised the team's discipline. Sponsors are reportedly pleased with the exposure.,Sports
113,The leading retail chain saw its stock price plunge after disappointing results. Industry experts called it a bold strategic shift. Analysts have revised their forecasts accordingly.,Business
101,The national stock exchange cut thousands of jobs amid restructuring. Trading volumes surged following the announcement. Analysts have revised their forecasts accordingly.,Business
3,The city football club suffered a surprise defeat in the semi-final. The stadium was packed to capacity. Analysts called it the match of the season.,Sports
64,The state government signed a landmark agreement with a neighboring country. The announcement sparked widespread debate. Opposition parties demanded clarifications.,Politics
55,The cybersecurity firm showcased a prototype at the annual technology conference. Users reported mixed experiences online. Users reported mixed experiences online.,Technology
127,The world health organization warned of a rise in cases during the current season. Specialists say more research is still needed. Specialists say more research is still needed.,Health
51,The electric vehicle company launched an updated artificial intelligence model. The company promised further updates soon. Developers welcomed the new features.,Technology
116,The real estate sector announced a major merger with a rival company. Industry experts called it a bold strategic shift. Industry experts called it a bold strategic shift.,Business
47,The ai research lab announced record quarterly revenue driven by cloud services. Developers welcomed the new features. Shares rose sharply after the announcement.,Technology
140,The public health department called for greater investment in mental health services. Doctors recommend consulting a physician for more details. Experts urged the public to stay informed.,Health
62,The prime minister announced a new economic policy during the parliamentary session. The announcement sparked widespread debate. Opposition parties demanded clarifications.,Politics
148,The health ministry received approval for a new treatment method. The campaign will run throughout the coming months. The campaign will run throughout the coming months.,Health
80,The state government called for an emergency session to discuss the budget. Citizens expressed mixed reactions on social media. Opposition parties demanded clarifications.,Politics
60,The cloud computing startup released a software update fixing critical security flaws. Users reported mixed experiences online. Developers welcomed the new features.,Technology
92,The automobile manufacturer faced supply chain disruptions affecting production. The move is seen as a sign of market confidence. Investors reacted cautiously to the news.,Business
42,The ai research lab reported a major data breach affecting millions of users. Developers welcomed the new features. Competitors are expected to respond quickly.,Technology
59,The social media platform faced regulatory scrutiny over data privacy practices. Developers welcomed the new features. Users reported mixed experiences online.,Technology
91,The automobile manufacturer raised interest rates to curb rising inflation. Analysts have revised their forecasts accordingly. Industry experts called it a bold strategic shift.,Business
49,The social media platform announced record quarterly revenue driven by cloud services. Shares rose sharply after the announcement. Shares rose sharply after the announcement.,Technology
89,The newly elected mayor held talks with international leaders on trade relations. Analysts predict significant policy shifts. The decision is expected to take effect next month.,Politics
108,The airline industry expanded operations into new overseas markets. Trading volumes surged following the announcement. Industry experts called it a bold strategic shift.,Business
125,Leading hospital researchers called for greater investment in mental health services. Doctors recommend consulting a physician for more details. Specialists say more research is still needed.,Health
22,The national cricket team signed a new coach ahead of the season. Fans celebrated across the city. Ticket sales broke previous records.,Sports
58,The electric vehicle company launched an updated artificial intelligence model. Developers welcomed the new features. Developers welcomed the new features.,Technology
145,A group of nutrition experts called for greater investment in mental health services. Experts urged the public to stay informed. Doctors recommend consulting a physician for more details.,Health
130,The world health organization issued new guidelines for seasonal illness prevention. Doctors recommend consulting a physician for more details. The findings were published in a leading medical journal.,Health
38,The cloud computing startup unveiled a new generation of processors. The company promised further updates soon. Analysts remain divided on its long-term impact.,Technology
141,The world health organization received approval for a new treatment method. Doctors recommend consulting a physician for more details. The campaign will run throughout the coming months.,Health
2,The tennis champion signed a new coach ahead of the season. The coach praised the team's discipline. Sponsors are reportedly pleased with the exposure.,Sports
53,The cloud computing startup faced regulatory scrutiny over data privacy practices. Developers welcomed the new features. Users reported mixed experiences online.,Technology
131,The vaccine research institute recommended increased screening for early detection. Doctors recommend consulting a physician for more details. The campaign will run throughout the coming months.,Health
104,The leading retail chain saw its stock price plunge after disappointing results. Analysts have revised their forecasts accordingly. Markets remain volatile amid the uncertainty.,Business
100,The leading retail chain faced supply chain disruptions affecting production. Investors reacted cautiously to the news. Trading volumes surged following the announcement.,Business
117,The oil and gas company faced supply chain disruptions affecting production. Industry experts called it a bold strategic shift. Investors reacted cautiously to the news.,Business
88,The prime minister called for an emergency session to discuss the budget. Opposition parties demanded clarifications. Analysts predict significant policy shifts.,Politics
75,The ruling party proposed sweeping reforms to the education system. Citizens expressed mixed reactions on social media. The decision is expected to take effect next month.,Politics
122,The public health department issued new guidelines for seasonal illness prevention. The findings were published in a leading medical journal. Specialists say more research is still needed.,Health
150,The pharmaceutical company called for greater investment in mental health services. The findings were published in a leading medical journal. Experts urged the public to stay informed.,Health
21,The basketball league signed a new coach ahead of the season. Sponsors are reportedly pleased with the exposure. Ticket sales broke previous records.,Sports
72,The opposition leader proposed sweeping reforms to the education system. The decision is expected to take effect next month. The announcement sparked widespread debate.,Politics
107,The central bank reported stronger than expected quarterly earnings. Industry experts called it a bold strategic shift. Trading volumes surged following the announcement.,Business
15,The basketball league suffered a surprise defeat in the semi-final. The coach praised the team's discipline. Fans celebrated across the city.,Sports
93,The oil and gas company expanded operations into new overseas markets. Investors reacted cautiously to the news. Analysts have revised their forecasts accordingly.,Business
103,The national stock exchange faced supply chain disruptions affecting production. Analysts have revised their forecasts accordingly. Analysts have revised their forecasts accordingly.,Business
