ArticleID,Text,True_Category,Cleaned_Text,KMeans_Cluster,Agglo_Cluster
74,The parliamentary committee called for an emergency session to discuss the budget. Citizens expressed mixed reactions on social media. Opposition parties demanded clarifications.,Politics,the parliamentary committee called for an emergency session to discuss the budget citizens expressed mixed reactions on social media opposition parties demanded clarifications,1,4
19,The city football club set a new national record. The stadium was packed to capacity. Sponsors are reportedly pleased with the exposure.,Sports,the city football club set a new national record the stadium was packed to capacity sponsors are reportedly pleased with the exposure,2,1
119,The airline industry unveiled an ambitious five-year growth strategy. Trading volumes surged following the announcement. Trading volumes surged following the announcement.,Business,the airline industry unveiled an ambitious five year growth strategy trading volumes surged following the announcement trading volumes surged following the announcement,0,3
79,The newly elected mayor held talks with international leaders on trade relations. Citizens expressed mixed reactions on social media. The announcement sparked widespread debate.,Politics,the newly elected mayor held talks with international leaders on trade relations citizens expressed mixed reactions on social media the announcement sparked widespread debate,1,4
77,The opposition leader announced a new economic policy during the parliamentary session. The decision is expected to take effect next month. International observers are closely watching the situation.,Politics,the opposition leader announced a new economic policy during the parliamentary session the decision is expected to take effect next month international observers are closely watching the situation,1,4
32,The software giant released a software update fixing critical security flaws. The company promised further updates soon. Shares rose sharply after the announcement.,Technology,the software giant released a software update fixing critical security flaws the company promised further updates soon shares rose sharply after the announcement,4,0
65,The parliamentary committee announced a new economic policy during the parliamentary session. The decision is expected to take effect next month. Citizens expressed mixed reactions on social media.,Politics,the parliamentary committee announced a new economic policy during the parliamentary session the decision is expected to take effect next month citizens expressed mixed reactions on social media,1,4
142,The health ministry received approval for a new treatment method. Doctors recommend consulting a physician for more details. Experts urged the public to stay informed.,Health,the health ministry received approval for a new treatment method doctors recommend consulting a physician for more details experts urged the public to stay informed,3,2
69,The prime minister called for an emergency session to discuss the budget. The announcement sparked widespread debate. The announcement sparked widespread debate.,Politics,the prime minister called for an emergency session to discuss the budget the announcement sparked widespread debate the announcement sparked widespread debate,1,4
83,The finance minister faced backlash over the controversial new bill. The announcement sparked widespread debate. The announcement sparked widespread debate.,Politics,the finance minister faced backlash over the controversial new bill the announcement sparked widespread debate the announcement sparked widespread debate,1,4
111,The central bank cut thousands of jobs amid restructuring. Analysts have revised their forecasts accordingly. Trading volumes surged following the announcement.,Business,the central bank cut thousands of jobs amid restructuring analysts have revised their forecasts accordingly trading volumes surged following the announcement,0,3
13,The basketball league celebrated a historic victory. The stadium was packed to capacity. The coach praised the team's discipline.,Sports,the basketball league celebrated a historic victory the stadium was packed to capacity the coach praised the team s discipline,2,1
37,The chip manufacturer announced record quarterly revenue driven by cloud services. Developers welcomed the new features. Analysts remain divided on its long-term impact.,Technology,the chip manufacturer announced record quarterly revenue driven by cloud services developers welcomed the new features analysts remain divided on its long term impact,4,0
10,The hockey squad suffered a surprise defeat in the semi-final. Ticket sales broke previous records. Ticket sales broke previous records.,Sports,the hockey squad suffered a surprise defeat in the semi final ticket sales broke previous records ticket sales broke previous records,2,1
20,The tennis champion set a new national record. Analysts called it the match of the season. Analysts called it the match of the season.,Sports,the tennis champion set a new national record analysts called it the match of the season analysts called it the match of the season,2,1
57,The ai research lab unveiled a new generation of processors. Users reported mixed experiences online. Competitors are expected to respond quickly.,Technology,the ai research lab unveiled a new generation of processors users reported mixed experiences online competitors are expected to respond quickly,4,0
105,The real estate sector expanded operations into new overseas markets. Investors reacted cautiously to the news. Investors reacted cautiously to the news.,Business,the real estate sector expanded operations into new overseas markets investors reacted cautiously to the news investors reacted cautiously to the news,0,3
70,The foreign affairs secretary held talks with international leaders on trade relations. The announcement sparked widespread debate. International observers are closely watching the situation.,Politics,the foreign affairs secretary held talks with international leaders on trade relations the announcement sparked widespread debate international observers are closely watching the situation,1,4
56,The software giant unveiled a new generation of processors. Competitors are expected to respond quickly. Competitors are expected to respond quickly.,Technology,the software giant unveiled a new generation of processors competitors are expected to respond quickly competitors are expected to respond quickly,4,0
133,The vaccine research institute called for greater investment in mental health services. Health officials called the results encouraging. The findings were published in a leading medical journal.,Health,the vaccine research institute called for greater investment in mental health services health officials called the results encouraging the findings were published in a leading medical journal,3,2
30,The olympic sprinter set a new national record. Sponsors are reportedly pleased with the exposure. Analysts called it the match of the season.,Sports,the olympic sprinter set a new national record sponsors are reportedly pleased with the exposure analysts called it the match of the season,2,1
128,The health ministry issued new guidelines for seasonal illness prevention. Doctors recommend consulting a physician for more details. The findings were published in a leading medical journal.,Health,the health ministry issued new guidelines for seasonal illness prevention doctors recommend consulting a physician for more details the findings were published in a leading medical journal,3,2
27,The basketball league faced a tough injury setback before the match. The stadium was packed to capacity. Analysts called it the match of the season.,Sports,the basketball league faced a tough injury setback before the match the stadium was packed to capacity analysts called it the match of the season,2,1
129,The pharmaceutical company called for greater investment in mental health services. Experts urged the public to stay informed. The campaign will run throughout the coming months.,Health,the pharmaceutical company called for greater investment in mental health services experts urged the public to stay informed the campaign will run throughout the coming months,3,2
132,A group of nutrition experts called for greater investment in mental health services. The findings were published in a leading medical journal. Specialists say more research is still needed.,Health,a group of nutrition experts called for greater investment in mental health services the findings were published in a leading medical journal specialists say more research is still needed,3,2
146,The public health department received approval for a new treatment method. Specialists say more research is still needed. The findings were published in a leading medical journal.,Health,the public health department received approval for a new treatment method specialists say more research is still needed the findings were published in a leading medical journal,3,2
109,The leading retail chain faced supply chain disruptions affecting production. Industry experts called it a bold strategic shift. The move is seen as a sign of market confidence.,Business,the leading retail chain faced supply chain disruptions affecting production industry experts called it a bold strategic shift the move is seen as a sign of market confidence,0,3
144,The world health organization called for greater investment in mental health services. The findings were published in a leading medical journal. Health officials called the results encouraging.,Health,the world health organization called for greater investment in mental health services the findings were published in a leading medical journal health officials called the results encouraging,3,2
46,The electric vehicle company faced regulatory scrutiny over data privacy practices. The company promised further updates soon. Users reported mixed experiences online.,Technology,the electric vehicle company faced regulatory scrutiny over data privacy practices the company promised further updates soon users reported mixed experiences online,4,0
31,The ai research lab partnered with a university on machine learning research. Users reported mixed experiences online. The company promised further updates soon.,Technology,the ai research lab partnered with a university on machine learning research users reported mixed experiences online the company promised further updates soon,4,0
23,The hockey squad announced their squad for the upcoming tournament. Fans celebrated across the city. The coach praised the team's discipline.,Sports,the hockey squad announced their squad for the upcoming tournament fans celebrated across the city the coach praised the team s discipline,2,1
16,The hockey squad announced their squad for the upcoming tournament. Analysts called it the match of the season. Sponsors are reportedly pleased with the exposure.,Sports,the hockey squad announced their squad for the upcoming tournament analysts called it the match of the season sponsors are reportedly pleased with the exposure,2,1
66,The foreign affairs secretary faced backlash over the controversial new bill. The decision is expected to take effect next month. Analysts predict significant policy shifts.,Politics,the foreign affairs secretary faced backlash over the controversial new bill the decision is expected to take effect next month analysts predict significant policy shifts,1,4
12,The city football club faced a tough injury setback before the match. Fans celebrated across the city. The stadium was packed to capacity.,Sports,the city football club faced a tough injury setback before the match fans celebrated across the city the stadium was packed to capacity,2,1
43,The software giant reported a major data breach affecting millions of users. Analysts remain divided on its long-term impact. The company promised further updates soon.,Technology,the software giant reported a major data breach affecting millions of users analysts remain divided on its long term impact the company promised further updates soon,4,0
147,The vaccine research institute warned of a rise in cases during the current season. The campaign will run throughout the coming months. The campaign will run throughout the coming months.,Health,the vaccine research institute warned of a rise in cases during the current season the campaign will run throughout the coming months the campaign will run throughout the coming months,3,2
52,The chip manufacturer faced regulatory scrutiny over data privacy practices. Developers welcomed the new features. The company promised further updates soon.,Technology,the chip manufacturer faced regulatory scrutiny over data privacy practices developers welcomed the new features the company promised further updates soon,4,0
28,The marathon runner signed a new coach ahead of the season. The coach praised the team's discipline. The stadium was packed to capacity.,Sports,the marathon runner signed a new coach ahead of the season the coach praised the team s discipline the stadium was packed to capacity,2,1
5,The tennis champion won the championship after a thrilling final. The stadium was packed to capacity. The coach praised the team's discipline.,Sports,the tennis champion won the championship after a thrilling final the stadium was packed to capacity the coach praised the team s discipline,2,1
33,The ai research lab released a software update fixing critical security flaws. Competitors are expected to respond quickly. Analysts remain divided on its long-term impact.,Technology,the ai research lab released a software update fixing critical security flaws competitors are expected to respond quickly analysts remain divided on its long term impact,4,0
143,The public health department published a study linking diet to long-term health outcomes. Doctors recommend consulting a physician for more details. Doctors recommend consulting a physician for more details.,Health,the public health department published a study linking diet to long term health outcomes doctors recommend consulting a physician for more details doctors recommend consulting a physician for more details,3,2
86,The newly elected mayor addressed concerns over rising inflation in a public statement. Citizens expressed mixed reactions on social media. The announcement sparked widespread debate.,Politics,the newly elected mayor addressed concerns over rising inflation in a public statement citizens expressed mixed reactions on social media the announcement sparked widespread debate,1,4
87,The opposition leader signed a landmark agreement with a neighboring country. Citizens expressed mixed reactions on social media. The announcement sparked widespread debate.,Politics,the opposition leader signed a landmark agreement with a neighboring country citizens expressed mixed reactions on social media the announcement sparked widespread debate,1,4
17,The marathon runner set a new national record. Ticket sales broke previous records. Ticket sales broke previous records.,Sports,the marathon runner set a new national record ticket sales broke previous records ticket sales broke previous records,2,1
11,The basketball league won the championship after a thrilling final. Sponsors are reportedly pleased with the exposure. Analysts called it the match of the season.,Sports,the basketball league won the championship after a thrilling final sponsors are reportedly pleased with the exposure analysts called it the match of the season,2,1
82,The prime minister faced backlash over the controversial new bill. Analysts predict significant policy shifts. The announcement sparked widespread debate.,Politics,the prime minister faced backlash over the controversial new bill analysts predict significant policy shifts the announcement sparked widespread debate,1,4
134,A team of medical scientists called for greater investment in mental health services. Specialists say more research is still needed. The findings were published in a leading medical journal.,Health,a team of medical scientists called for greater investment in mental health services specialists say more research is still needed the findings were published in a leading medical journal,3,2
138,The world health organization received approval for a new treatment method. Specialists say more research is still needed. The findings were published in a leading medical journal.,Health,the world health organization received approval for a new treatment method specialists say more research is still needed the findings were published in a leading medical journal,3,2
76,The finance minister faced backlash over the controversial new bill. The decision is expected to take effect next month. Citizens expressed mixed reactions on social media.,Politics,the finance minister faced backlash over the controversial new bill the decision is expected to take effect next month citizens expressed mixed reactions on social media,1,4
110,The oil and gas company raised interest rates to curb rising inflation. Markets remain volatile amid the uncertainty. Trading volumes surged following the announcement.,Business,the oil and gas company raised interest rates to curb rising inflation markets remain volatile amid the uncertainty trading volumes surged following the announcement,0,3
97,The real estate sector raised interest rates to curb rising inflation. The move is seen as a sign of market confidence. Markets remain volatile amid the uncertainty.,Business,the real estate sector raised interest rates to curb rising inflation the move is seen as a sign of market confidence markets remain volatile amid the uncertainty,0,3
106,The oil and gas company announced a major merger with a rival company. Industry experts called it a bold strategic shift. Analysts have revised their forecasts accordingly.,Business,the oil and gas company announced a major merger with a rival company industry experts called it a bold strategic shift analysts have revised their forecasts accordingly,0,3
67,The foreign affairs secretary held talks with international leaders on trade relations. Opposition parties demanded clarifications. Citizens expressed mixed reactions on social media.,Politics,the foreign affairs secretary held talks with international leaders on trade relations opposition parties demanded clarifications citizens expressed mixed reactions on social media,1,4
1,The city football club won the championship after a thrilling final. Sponsors are reportedly pleased with the exposure. Ticket sales broke previous records.,Sports,the city football club won the championship after a thrilling final sponsors are reportedly pleased with the exposure ticket sales broke previous records,2,1
123,A team of medical scientists launched a nationwide vaccination awareness campaign. The findings were published in a leading medical journal. The findings were published in a leading medical journal.,Health,a team of medical scientists launched a nationwide vaccination awareness campaign the findings were published in a leading medical journal the findings were published in a leading medical journal,3,2
68,The state government announced a new economic policy during the parliamentary session. International observers are closely watching the situation. Analysts predict significant policy shifts.,Politics,the state government announced a new economic policy during the parliamentary session international observers are closely watching the situation analysts predict significant policy shifts,1,4
29,The chess grandmaster suffered a surprise defeat in the semi-final. Fans celebrated across the city. Fans celebrated across the city.,Sports,the chess grandmaster suffered a surprise defeat in the semi final fans celebrated across the city fans celebrated across the city,2,1
41,The ai research lab launched an updated artificial intelligence model. Competitors are expected to respond quickly. Users reported mixed experiences online.,Technology,the ai research lab launched an updated artificial intelligence model competitors are expected to respond quickly users reported mixed experiences online,4,0
45,The social media platform released a software update fixing critical security flaws. Users reported mixed experiences online. Competitors are expected to respond quickly.,Technology,the social media platform released a software update fixing critical security flaws users reported mixed experiences online competitors are expected to respond quickly,4,0
61,The opposition leader addressed concerns over rising inflation in a public statement. International observers are closely watching the situation. The announcement sparked widespread debate.,Politics,the opposition leader addressed concerns over rising inflation in a public statement international observers are closely watching the situation the announcement sparked widespread debate,1,4
124,The health ministry announced promising results from a new clinical trial. The findings were published in a leading medical journal. Doctors recommend consulting a physician for more details.,Health,the health ministry announced promising results from a new clinical trial the findings were published in a leading medical journal doctors recommend consulting a physician for more details,3,2
25,The hockey squad trained intensively for the finals. The coach praised the team's discipline. Ticket sales broke previous records.,Sports,the hockey squad trained intensively for the finals the coach praised the team s discipline ticket sales broke previous records,2,1
26,The olympic sprinter signed a new coach ahead of the season. Sponsors are reportedly pleased with the exposure. The stadium was packed to capacity.,Sports,the olympic sprinter signed a new coach ahead of the season sponsors are reportedly pleased with the exposure the stadium was packed to capacity,2,1
24,The marathon runner signed a new coach ahead of the season. Sponsors are reportedly pleased with the exposure. Analysts called it the match of the season.,Sports,the marathon runner signed a new coach ahead of the season sponsors are reportedly pleased with the exposure analysts called it the match of the season,2,1
95,The airline industry faced supply chain disruptions affecting production. Industry experts called it a bold strategic shift. Markets remain volatile amid the uncertainty.,Business,the airline industry faced supply chain disruptions affecting production industry experts called it a bold strategic shift markets remain volatile amid the uncertainty,0,3
40,The chip manufacturer announced record quarterly revenue driven by cloud services. Shares rose sharply after the announcement. Developers welcomed the new features.,Technology,the chip manufacturer announced record quarterly revenue driven by cloud services shares rose sharply after the announcement developers welcomed the new features,4,0
96,The automobile manufacturer cut thousands of jobs amid restructuring. The move is seen as a sign of market confidence. The move is seen as a sign of market confidence.,Business,the automobile manufacturer cut thousands of jobs amid restructuring the move is seen as a sign of market confidence the move is seen as a sign of market confidence,0,3
118,The oil and gas company saw its stock price plunge after disappointing results. The move is seen as a sign of market confidence. Trading volumes surged following the announcement.,Business,the oil and gas company saw its stock price plunge after disappointing results the move is seen as a sign of market confidence trading volumes surged following the announcement,0,3
48,The electric vehicle company unveiled a new generation of processors. The company promised further updates soon. The company promised further updates soon.,Technology,the electric vehicle company unveiled a new generation of processors the company promised further updates soon the company promised further updates soon,4,0
98,The airline industry faced supply chain disruptions affecting production. Markets remain volatile amid the uncertainty. Markets remain volatile amid the uncertainty.,Business,the airline industry faced supply chain disruptions affecting production markets remain volatile amid the uncertainty markets remain volatile amid the uncertainty,0,3
114,The real estate sector expanded operations into new overseas markets. Trading volumes surged following the announcement. Markets remain volatile amid the uncertainty.,Business,the real estate sector expanded operations into new overseas markets trading volumes surged following the announcement markets remain volatile amid the uncertainty,0,3
34,The ai research lab released a software update fixing critical security flaws. Users reported mixed experiences online. Developers welcomed the new features.,Technology,the ai research lab released a software update fixing critical security flaws users reported mixed experiences online developers welcomed the new features,4,0
139,The world health organization issued new guidelines for seasonal illness prevention. Doctors recommend consulting a physician for more details. Doctors recommend consulting a physician for more details.,Health,the world health organization issued new guidelines for seasonal illness prevention doctors recommend consulting a physician for more details doctors recommend consulting a physician for more details,3,2
102,The oil and gas company cut thousands of jobs amid restructuring. The move is seen as a sign of market confidence. Investors reacted cautiously to the news.,Business,the oil and gas company cut thousands of jobs amid restructuring the move is seen as a sign of market confidence investors reacted cautiously to the news,0,3
63,The finance minister signed a landmark agreement with a neighboring country. The decision is expected to take effect next month. The decision is expected to take effect next month.,Politics,the finance minister signed a landmark agreement with a neighboring country the decision is expected to take effect next month the decision is expected to take effect next month,1,4
85,The state government called for an emergency session to discuss the budget. Opposition parties demanded clarifications. Analysts predict significant policy shifts.,Politics,the state government called for an emergency session to discuss the budget opposition parties demanded clarifications analysts predict significant policy shifts,1,4
149,The health ministry issued new guidelines for seasonal illness prevention. Specialists say more research is still needed. Doctors recommend consulting a physician for more details.,Health,the health ministry issued new guidelines for seasonal illness prevention specialists say more research is still needed doctors recommend consulting a physician for more details,3,2
54,The cybersecurity firm announced record quarterly revenue driven by cloud services. Shares rose sharply after the announcement. Shares rose sharply after the announcement.,Technology,the cybersecurity firm announced record quarterly revenue driven by cloud services shares rose sharply after the announcement shares rose sharply after the announcement,4,0
6,The hockey squad signed a new coach ahead of the season. Analysts called it the match of the season. The stadium was packed to capacity.,Sports,the hockey squad signed a new coach ahead of the season analysts called it the match of the season the stadium was packed to capacity,2,1
94,The national stock exchange cut thousands of jobs amid restructuring. Markets remain volatile amid the uncertainty. Investors reacted cautiously to the news.,Business,the national stock exchange cut thousands of jobs amid restructuring markets remain volatile amid the uncertainty investors reacted cautiously to the news,0,3
112,The leading retail chain expanded operations into new overseas markets. Industry experts called it a bold strategic shift. Analysts have revised their forecasts accordingly.,Business,the leading retail chain expanded operations into new overseas markets industry experts called it a bold strategic shift analysts have revised their forecasts accordingly,0,3
50,The leading smartphone manufacturer announced record quarterly revenue driven by cloud services. Shares rose sharply after the announcement. Shares rose sharply after the announcement.,Technology,the leading smartphone manufacturer announced record quarterly revenue driven by cloud services shares rose sharply after the announcement shares rose sharply after the announcement,4,0
36,The chip manufacturer reported a major data breach affecting millions of users. The company promised further updates soon. Shares rose sharply after the announcement.,Technology,the chip manufacturer reported a major data breach affecting millions of users the company promised further updates soon shares rose sharply after the announcement,4,0
81,The foreign affairs secretary faced backlash over the controversial new bill. International observers are closely watching the situation. Analysts predict significant policy shifts.,Politics,the foreign affairs secretary faced backlash over the controversial new bill international observers are closely watching the situation analysts predict significant policy shifts,1,4
78,The opposition leader criticized the government's handling of the recent crisis. International observers are closely watching the situation. Opposition parties demanded clarifications.,Politics,the opposition leader criticized the government s handling of the recent crisis international observers are closely watching the situation opposition parties demanded clarifications,1,4
35,The software giant unveiled a new generation of processors. Competitors are expected to respond quickly. Competitors are expected to respond quickly.,Technology,the software giant unveiled a new generation of processors competitors are expected to respond quickly competitors are expected to respond quickly,4,0
115,The oil and gas company announced a major merger with a rival company. The move is seen as a sign of market confidence. Trading volumes surged following the announcement.,Business,the oil and gas company announced a major merger with a rival company the move is seen as a sign of market confidence trading volumes surged following the announcement,0,3
8,The hockey squad celebrated a historic victory. Ticket sales broke previous records. The coach praised the team's discipline.,Sports,the hockey squad celebrated a historic victory ticket sales broke previous records the coach praised the team s discipline,2,1
44,The cybersecurity firm announced record quarterly revenue driven by cloud services. The company promised further updates soon. Competitors are expected to respond quickly.,Technology,the cybersecurity firm announced record quarterly revenue driven by cloud services the company promised further updates soon competitors are expected to respond quickly,4,0
71,The opposition leader held talks with international leaders on trade relations. The announcement sparked widespread debate. International observers are closely watching the situation.,Politics,the opposition leader held talks with international leaders on trade relations the announcement sparked widespread debate international observers are closely watching the situation,1,4
99,The national stock exchange saw its stock price plunge after disappointing results. The move is seen as a sign of market confidence. Markets remain volatile amid the uncertainty.,Business,the national stock exchange saw its stock price plunge after disappointing results the move is seen as a sign of market confidence markets remain volatile amid the uncertainty,0,3
121,Leading hospital researchers published a study linking diet to long-term health outcomes. The campaign will run throughout the coming months. Specialists say more research is still needed.,Health,leading hospital researchers published a study linking diet to long term health outcomes the campaign will run throughout the coming months specialists say more research is still needed,3,2
84,The finance minister faced backlash over the controversial new bill. Citizens expressed mixed reactions on social media. International observers are closely watching the situation.,Politics,the finance minister faced backlash over the controversial new bill citizens expressed mixed reactions on social media international observers are closely watching the situation,1,4
135,A team of medical scientists called for greater investment in mental health services. Experts urged the public to stay informed. Specialists say more research is still needed.,Health,a team of medical scientists called for greater investment in mental health services experts urged the public to stay informed specialists say more research is still needed,3,2
136,A team of medical scientists launched a nationwide vaccination awareness campaign. Health officials called the results encouraging. Health officials called the results encouraging.,Health,a team of medical scientists launched a nationwide vaccination awareness campaign health officials called the results encouraging health officials called the results encouraging,3,2
90,The parliamentary committee announced a new economic policy during the parliamentary session. The announcement sparked widespread debate. The announcement sparked widespread debate.,Politics,the parliamentary committee announced a new economic policy during the parliamentary session the announcement sparked widespread debate the announcement sparked widespread debate,1,4
9,The tennis champion celebrated a historic victory. Fans celebrated across the city. Fans celebrated across the city.,Sports,the tennis champion celebrated a historic victory fans celebrated across the city fans celebrated across the city,2,1
14,The city football club won the championship after a thrilling final. Sponsors are reportedly pleased with the exposure. The coach praised the team's discipline.,Sports,the city football club won the championship after a thrilling final sponsors are reportedly pleased with the exposure the coach praised the team s discipline,2,1
120,The national stock exchange unveiled an ambitious five-year growth strategy. Markets remain volatile amid the uncertainty. The move is seen as a sign of market confidence.,Business,the national stock exchange unveiled an ambitious five year growth strategy markets remain volatile amid the uncertainty the move is seen as a sign of market confidence,0,3
126,The world health organization received approval for a new treatment method. Doctors recommend consulting a physician for more details. Doctors recommend consulting a physician for more details.,Health,the world health organization received approval for a new treatment method doctors recommend consulting a physician for more details doctors recommend consulting a physician for more details,3,2
4,The national cricket team won the championship after a thrilling final. Fans celebrated across the city. The coach praised the team's discipline.,Sports,the national cricket team won the championship after a thrilling final fans celebrated across the city the coach praised the team s discipline,2,1
18,The tennis champion announced their squad for the upcoming tournament. Sponsors are reportedly pleased with the exposure. Sponsors are reportedly pleased with the exposure.,Sports,the tennis champion announced their squad for the upcoming tournament sponsors are reportedly pleased with the exposure sponsors are reportedly pleased with the exposure,2,1
39,The software giant unveiled a new generation of processors. Shares rose sharply after the announcement. Analysts remain divided on its long-term impact.,Technology,the software giant unveiled a new generation of processors shares rose sharply after the announcement analysts remain divided on its long term impact,4,0
73,The state government announced a new economic policy during the parliamentary session. International observers are closely watching the situation. The announcement sparked widespread debate.,Politics,the state government announced a new economic policy during the parliamentary session international observers are closely watching the situation the announcement sparked widespread debate,1,4
137,The public health department issued new guidelines for seasonal illness prevention. The findings were published in a leading medical journal. The findings were published in a leading medical journal.,Health,the public health department issued new guidelines for seasonal illness prevention the findings were published in a leading medical journal the findings were published in a leading medical journal,3,2
7,The basketball league won the championship after a thrilling final. The coach praised the team's discipline. Sponsors are reportedly pleased with the exposure.,Sports,the basketball league won the championship after a thrilling final the coach praised the team s discipline sponsors are reportedly pleased with the exposure,2,1
113,The leading retail chain saw its stock price plunge after disappointing results. Industry experts called it a bold strategic shift. Analysts have revised their forecasts accordingly.,Business,the leading retail chain saw its stock price plunge after disappointing results industry experts called it a bold strategic shift analysts have revised their forecasts accordingly,0,3
101,The national stock exchange cut thousands of jobs amid restructuring. Trading volumes surged following the announcement. Analysts have revised their forecasts accordingly.,Business,the national stock exchange cut thousands of jobs amid restructuring trading volumes surged following the announcement analysts have revised their forecasts accordingly,0,3
3,The city football club suffered a surprise defeat in the semi-final. The stadium was packed to capacity. Analysts called it the match of the season.,Sports,the city football club suffered a surprise defeat in the semi final the stadium was packed to capacity analysts called it the match of the season,2,1
64,The state government signed a landmark agreement with a neighboring country. The announcement sparked widespread debate. Opposition parties demanded clarifications.,Politics,the state government signed a landmark agreement with a neighboring country the announcement sparked widespread debate opposition parties demanded clarifications,1,4
55,The cybersecurity firm showcased a prototype at the annual technology conference. Users reported mixed experiences online. Users reported mixed experiences online.,Technology,the cybersecurity firm showcased a prototype at the annual technology conference users reported mixed experiences online users reported mixed experiences online,4,0
127,The world health organization warned of a rise in cases during the current season. Specialists say more research is still needed. Specialists say more research is still needed.,Health,the world health organization warned of a rise in cases during the current season specialists say more research is still needed specialists say more research is still needed,3,2
51,The electric vehicle company launched an updated artificial intelligence model. The company promised further updates soon. Developers welcomed the new features.,Technology,the electric vehicle company launched an updated artificial intelligence model the company promised further updates soon developers welcomed the new features,4,0
116,The real estate sector announced a major merger with a rival company. Industry experts called it a bold strategic shift. Industry experts called it a bold strategic shift.,Business,the real estate sector announced a major merger with a rival company industry experts called it a bold strategic shift industry experts called it a bold strategic shift,0,3
47,The ai research lab announced record quarterly revenue driven by cloud services. Developers welcomed the new features. Shares rose sharply after the announcement.,Technology,the ai research lab announced record quarterly revenue driven by cloud services developers welcomed the new features shares rose sharply after the announcement,4,0
140,The public health department called for greater investment in mental health services. Doctors recommend consulting a physician for more details. Experts urged the public to stay informed.,Health,the public health department called for greater investment in mental health services doctors recommend consulting a physician for more details experts urged the public to stay informed,3,2
62,The prime minister announced a new economic policy during the parliamentary session. The announcement sparked widespread debate. Opposition parties demanded clarifications.,Politics,the prime minister announced a new economic policy during the parliamentary session the announcement sparked widespread debate opposition parties demanded clarifications,1,4
148,The health ministry received approval for a new treatment method. The campaign will run throughout the coming months. The campaign will run throughout the coming months.,Health,the health ministry received approval for a new treatment method the campaign will run throughout the coming months the campaign will run throughout the coming months,3,2
80,The state government called for an emergency session to discuss the budget. Citizens expressed mixed reactions on social media. Opposition parties demanded clarifications.,Politics,the state government called for an emergency session to discuss the budget citizens expressed mixed reactions on social media opposition parties demanded clarifications,1,4
60,The cloud computing startup released a software update fixing critical security flaws. Users reported mixed experiences online. Developers welcomed the new features.,Technology,the cloud computing startup released a software update fixing critical security flaws users reported mixed experiences online developers welcomed the new features,4,0
92,The automobile manufacturer faced supply chain disruptions affecting production. The move is seen as a sign of market confidence. Investors reacted cautiously to the news.,Business,the automobile manufacturer faced supply chain disruptions affecting production the move is seen as a sign of market confidence investors reacted cautiously to the news,0,3
42,The ai research lab reported a major data breach affecting millions of users. Developers welcomed the new features. Competitors are expected to respond quickly.,Technology,the ai research lab reported a major data breach affecting millions of users developers welcomed the new features competitors are expected to respond quickly,4,0
59,The social media platform faced regulatory scrutiny over data privacy practices. Developers welcomed the new features. Users reported mixed experiences online.,Technology,the social media platform faced regulatory scrutiny over data privacy practices developers welcomed the new features users reported mixed experiences online,4,0
91,The automobile manufacturer raised interest rates to curb rising inflation. Analysts have revised their forecasts accordingly. Industry experts called it a bold strategic shift.,Business,the automobile manufacturer raised interest rates to curb rising inflation analysts have revised their forecasts accordingly industry experts called it a bold strategic shift,0,3
49,The social media platform announced record quarterly revenue driven by cloud services. Shares rose sharply after the announcement. Shares rose sharply after the announcement.,Technology,the social media platform announced record quarterly revenue driven by cloud services shares rose sharply after the announcement shares rose sharply after the announcement,4,0
89,The newly elected mayor held talks with international leaders on trade relations. Analysts predict significant policy shifts. The decision is expected to take effect next month.,Politics,the newly elected mayor held talks with international leaders on trade relations analysts predict significant policy shifts the decision is expected to take effect next month,1,4
108,The airline industry expanded operations into new overseas markets. Trading volumes surged following the announcement. Industry experts called it a bold strategic shift.,Business,the airline industry expanded operations into new overseas markets trading volumes surged following the announcement industry experts called it a bold strategic shift,0,3
125,Leading hospital researchers called for greater investment in mental health services. Doctors recommend consulting a physician for more details. Specialists say more research is still needed.,Health,leading hospital researchers called for greater investment in mental health services doctors recommend consulting a physician for more details specialists say more research is still needed,3,2
22,The national cricket team signed a new coach ahead of the season. Fans celebrated across the city. Ticket sales broke previous records.,Sports,the national cricket team signed a new coach ahead of the season fans celebrated across the city ticket sales broke previous records,2,1
58,The electric vehicle company launched an updated artificial intelligence model. Developers welcomed the new features. Developers welcomed the new features.,Technology,the electric vehicle company launched an updated artificial intelligence model developers welcomed the new features developers welcomed the new features,4,0
145,A group of nutrition experts called for greater investment in mental health services. Experts urged the public to stay informed. Doctors recommend consulting a physician for more details.,Health,a group of nutrition experts called for greater investment in mental health services experts urged the public to stay informed doctors recommend consulting a physician for more details,3,2
130,The world health organization issued new guidelines for seasonal illness prevention. Doctors recommend consulting a physician for more details. The findings were published in a leading medical journal.,Health,the world health organization issued new guidelines for seasonal illness prevention doctors recommend consulting a physician for more details the findings were published in a leading medical journal,3,2
38,The cloud computing startup unveiled a new generation of processors. The company promised further updates soon. Analysts remain divided on its long-term impact.,Technology,the cloud computing startup unveiled a new generation of processors the company promised further updates soon analysts remain divided on its long term impact,4,0
141,The world health organization received approval for a new treatment method. Doctors recommend consulting a physician for more details. The campaign will run throughout the coming months.,Health,the world health organization received approval for a new treatment method doctors recommend consulting a physician for more details the campaign will run throughout the coming months,3,2
2,The tennis champion signed a new coach ahead of the season. The coach praised the team's discipline. Sponsors are reportedly pleased with the exposure.,Sports,the tennis champion signed a new coach ahead of the season the coach praised the team s discipline sponsors are reportedly pleased with the exposure,2,1
53,The cloud computing startup faced regulatory scrutiny over data privacy practices. Developers welcomed the new features. Users reported mixed experiences online.,Technology,the cloud computing startup faced regulatory scrutiny over data privacy practices developers welcomed the new features users reported mixed experiences online,4,0
131,The vaccine research institute recommended increased screening for early detection. Doctors recommend consulting a physician for more details. The campaign will run throughout the coming months.,Health,the vaccine research institute recommended increased screening for early detection doctors recommend consulting a physician for more details the campaign will run throughout the coming months,3,2
104,The leading retail chain saw its stock price plunge after disappointing results. Analysts have revised their forecasts accordingly. Markets remain volatile amid the uncertainty.,Business,the leading retail chain saw its stock price plunge after disappointing results analysts have revised their forecasts accordingly markets remain volatile amid the uncertainty,0,3
100,The leading retail chain faced supply chain disruptions affecting production. Investors reacted cautiously to the news. Trading volumes surged following the announcement.,Business,the leading retail chain faced supply chain disruptions affecting production investors reacted cautiously to the news trading volumes surged following the announcement,0,3
117,The oil and gas company faced supply chain disruptions affecting production. Industry experts called it a bold strategic shift. Investors reacted cautiously to the news.,Business,the oil and gas company faced supply chain disruptions affecting production industry experts called it a bold strategic shift investors reacted cautiously to the news,0,3
88,The prime minister called for an emergency session to discuss the budget. Opposition parties demanded clarifications. Analysts predict significant policy shifts.,Politics,the prime minister called for an emergency session to discuss the budget opposition parties demanded clarifications analysts predict significant policy shifts,1,4
75,The ruling party proposed sweeping reforms to the education system. Citizens expressed mixed reactions on social media. The decision is expected to take effect next month.,Politics,the ruling party proposed sweeping reforms to the education system citizens expressed mixed reactions on social media the decision is expected to take effect next month,1,4
122,The public health department issued new guidelines for seasonal illness prevention. The findings were published in a leading medical journal. Specialists say more research is still needed.,Health,the public health department issued new guidelines for seasonal illness prevention the findings were published in a leading medical journal specialists say more research is still needed,3,2
150,The pharmaceutical company called for greater investment in mental health services. The findings were published in a leading medical journal. Experts urged the public to stay informed.,Health,the pharmaceutical company called for greater investment in mental health services the findings were published in a leading medical journal experts urged the public to stay informed,3,2
21,The basketball league signed a new coach ahead of the season. Sponsors are reportedly pleased with the exposure. Ticket sales broke previous records.,Sports,the basketball league signed a new coach ahead of the season sponsors are reportedly pleased with the exposure ticket sales broke previous records,2,1
72,The opposition leader proposed sweeping reforms to the education system. The decision is expected to take effect next month. The announcement sparked widespread debate.,Politics,the opposition leader proposed sweeping reforms to the education system the decision is expected to take effect next month the announcement sparked widespread debate,1,4
107,The central bank reported stronger than expected quarterly earnings. Industry experts called it a bold strategic shift. Trading volumes surged following the announcement.,Business,the central bank reported stronger than expected quarterly earnings industry experts called it a bold strategic shift trading volumes surged following the announcement,0,3
15,The basketball league suffered a surprise defeat in the semi-final. The coach praised the team's discipline. Fans celebrated across the city.,Sports,the basketball league suffered a surprise defeat in the semi final the coach praised the team s discipline fans celebrated across the city,2,1
93,The oil and gas company expanded operations into new overseas markets. Investors reacted cautiously to the news. Analysts have revised their forecasts accordingly.,Business,the oil and gas company expanded operations into new overseas markets investors reacted cautiously to the news analysts have revised their forecasts accordingly,0,3
103,The national stock exchange faced supply chain disruptions affecting production. Analysts have revised their forecasts accordingly. Analysts have revised their forecasts accordingly.,Business,the national stock exchange faced supply chain disruptions affecting production analysts have revised their forecasts accordingly analysts have revised their forecasts accordingly,0,3
