CustomerID,Gender,Age,Annual_Income_k$,Spending_Score,Gender_Encoded,Cluster
1,Female,39.0,88.0,94,0,1
2,Male,42.0,30.0,11,1,2
3,Male,29.0,56.0,48,1,4
4,Female,51.0,96.0,10,0,3
5,Male,52.0,21.0,25,1,2
6,Female,28.0,101.0,81,0,1
7,Male,53.0,31.0,38,1,2
8,Female,44.0,102.0,77,0,1
9,Male,39.0,126.0,38,1,3
10,Female,59.0,26.0,35,0,2
11,Male,25.0,23.0,88,1,0
12,Female,44.0,26.0,28,0,2
13,Male,48.0,24.0,25,1,2
14,Male,56.0,15.0,30,1,2
15,Female,50.0,56.0,37,0,2
16,Male,44.0,67.0,57,1,4
17,Female,30.0,44.0,51,0,4
18,Female,33.0,93.0,62,0,1
19,Female,27.0,138.0,79,0,1
20,Female,25.0,18.0,77,0,0
21,Male,36.0,37.0,29,1,4
22,Female,53.0,23.0,4,0,2
23,Male,29.0,119.0,92,1,1
24,Female,33.0,136.0,84,0,1
25,Female,36.0,19.0,36,0,4
26,Male,29.0,18.0,67,1,0
27,Female,53.0,119.0,20,0,3
28,Female,44.0,16.0,31,0,2
29,Female,46.0,33.0,20,0,2
30,Male,41.0,86.0,14,1,3
31,Female,34.0,128.0,99,0,1
32,Male,30.0,57.0,54,1,4
33,Male,32.0,41.0,55,1,4
34,Male,25.0,124.0,68,1,1
35,Male,44.0,86.0,78,1,1
36,Female,50.0,22.0,4,0,2
37,Female,43.0,106.0,18,0,3
38,Male,21.0,34.0,95,1,0
39,Male,50.0,32.0,25,1,2
40,Female,42.0,29.0,24,0,2
41,Female,53.0,107.0,19,0,3
42,Female,30.0,80.0,92,0,1
43,Female,41.0,35.0,21,0,2
44,Female,44.0,88.0,94,0,1
45,Female,41.0,121.0,26,0,3
46,Male,37.0,69.0,55,1,4
47,Female,42.0,56.0,54,0,4
48,Male,18.0,31.0,76,1,0
49,Female,59.0,29.0,13,0,2
50,Female,37.0,19.0,11,0,2
51,Female,39.0,68.0,53,0,4
52,Male,27.0,32.0,94,1,0
53,Female,56.0,109.0,31,0,3
54,Male,32.0,67.0,55,1,4
55,Male,25.0,72.0,95,1,0
56,Female,51.0,20.0,31,0,2
57,Male,20.0,35.0,82,1,0
58,Female,26.0,76.0,80,0,1
59,Female,27.0,21.0,73,0,0
60,Female,59.0,83.0,7,0,3
61,Male,37.0,15.0,38,1,4
62,Male,44.0,45.0,50,1,4
63,Male,64.0,85.0,18,1,3
64,Female,43.0,134.0,13,0,3
65,Female,25.0,71.0,66,0,4
66,Male,43.0,89.0,97,1,1
67,Male,33.0,46.0,50,1,4
68,Female,51.0,94.0,38,0,3
69,Female,29.0,56.0,83,0,0
70,Male,35.0,49.0,40,1,4
71,Female,57.0,92.0,25,0,3
72,Male,23.0,22.0,60,1,0
73,Female,54.0,29.0,18,0,2
74,Female,29.0,139.0,67,0,1
75,Female,26.0,16.0,64,0,0
76,Female,41.0,34.0,28,0,2
77,Female,20.0,26.0,93,0,0
78,Male,56.0,35.0,33,1,2
79,Male,64.0,87.0,2,1,3
80,Male,23.0,16.0,60,1,0
81,Female,42.0,67.0,54,0,4
82,Female,28.0,50.0,41,0,4
83,Male,61.0,78.0,15,1,3
84,Male,46.0,77.0,17,1,3
85,Male,34.0,58.0,44,1,4
86,Male,32.0,59.0,50,1,4
87,Female,57.0,111.0,27,0,3
88,Female,51.0,78.0,12,0,3
89,Female,45.0,19.0,15,0,2
90,Female,48.0,27.0,15,0,2
91,Female,23.0,22.0,94,0,0
92,Male,38.0,17.0,27,1,2
93,Female,21.0,28.0,85,0,0
94,Female,28.0,32.0,75,0,0
95,Female,26.0,85.0,79,0,1
96,Male,59.0,18.0,15,1,2
97,Female,32.0,57.0,50,0,4
98,Female,40.0,40.0,58,0,4
99,Female,29.0,26.0,83,0,0
100,Male,64.0,86.0,24,1,3
101,Female,33.0,45.0,58,0,4
102,Female,59.0,82.0,5,0,3
103,Male,46.0,74.0,35,1,3
104,Male,47.0,37.0,4,1,2
105,Female,43.0,117.0,76,0,1
106,Female,28.0,36.0,87,0,0
107,Male,52.0,81.0,18,1,3
108,Male,38.0,138.0,30,1,3
109,Male,36.0,138.0,71,1,1
110,Male,33.0,128.0,70,1,1
111,Female,57.0,38.0,35,0,2
112,Male,41.0,121.0,88,1,1
113,Female,62.0,114.0,30,0,3
114,Male,41.0,100.0,92,1,1
115,Male,32.0,85.0,83,1,1
116,Female,44.0,66.0,43,0,4
117,Female,48.0,73.0,0,0,3
118,Male,28.0,24.0,66,1,0
119,Female,47.0,111.0,20,0,3
120,Male,19.0,29.0,67,1,0
121,Male,25.0,32.0,84,1,0
122,Female,43.0,58.0,52,0,4
123,Female,24.0,23.0,99,0,0
124,Male,20.0,35.0,74,1,0
125,Female,29.0,129.0,67,0,1
126,Female,43.0,49.0,48,0,4
127,Female,31.0,108.0,61,0,1
128,Female,27.0,80.0,75,0,1
129,Male,43.0,25.0,0,1,2
130,Female,22.0,39.0,83,0,0
131,Male,46.0,108.0,2,1,3
132,Female,22.0,19.0,74,0,0
133,Female,28.0,21.0,80,0,0
134,Male,36.0,53.0,41,1,4
135,Male,28.0,39.0,73,1,0
136,Female,26.0,81.0,92,0,1
137,Male,54.0,22.0,29,1,2
138,Male,58.0,122.0,9,1,3
139,Female,29.0,36.0,67,0,0
140,Female,29.0,32.0,71,0,0
141,Female,28.0,43.0,41,0,4
142,Female,54.0,76.0,32,0,3
143,Male,57.0,26.0,2,1,2
144,Male,24.0,37.0,69,1,0
145,Female,37.0,139.0,83,0,1
146,Female,51.0,127.0,27,0,3
147,Female,54.0,105.0,2,0,3
148,Male,19.0,29.0,66,1,0
149,Female,22.0,34.0,84,0,0
150,Female,41.0,92.0,63,0,1
151,Female,29.0,60.0,44,0,4
152,Male,31.0,63.0,58,1,4
153,Male,47.0,127.0,19,1,3
154,Female,37.0,107.0,75,0,1
155,Female,39.0,49.0,56,0,4
156,Female,37.0,74.0,38,0,4
157,Male,30.0,41.0,45,1,4
158,Female,36.0,41.0,43,0,4
159,Female,41.0,58.0,47,0,4
160,Female,56.0,37.0,9,0,2
161,Female,51.0,15.0,9,0,2
162,Female,57.0,108.0,27,0,3
163,Female,30.0,106.0,81,0,1
164,Male,35.0,69.0,49,1,4
165,Female,41.0,59.0,42,0,4
166,Male,41.0,126.0,95,1,1
167,Male,44.0,56.0,52,1,4
168,Male,37.0,54.0,47,1,4
169,Female,27.0,18.0,68,0,0
170,Male,29.0,16.0,92,1,0
171,Female,29.0,18.0,92,0,0
172,Male,51.0,122.0,12,1,3
173,Female,43.0,104.0,0,0,3
174,Male,36.0,105.0,79,1,1
175,Male,63.0,98.0,34,1,3
176,Male,47.0,27.0,21,1,2
177,Male,32.0,63.0,53,1,4
178,Male,36.0,109.0,77,1,1
179,Male,25.0,70.0,62,1,4
180,Female,58.0,20.0,36,0,2
181,Female,25.0,17.0,90,0,0
182,Female,57.0,35.0,22,0,2
183,Male,41.0,111.0,73,1,1
184,Female,25.0,21.0,68,0,0
185,Male,37.0,135.0,36,1,3
186,Male,40.0,45.0,57,1,4
187,Female,18.0,20.0,98,0,0
188,Female,50.0,85.0,5,0,3
189,Male,49.0,33.0,32,1,2
190,Male,41.0,89.0,84,1,1
191,Male,28.0,54.0,44,1,4
192,Male,29.0,62.0,45,1,4
193,Female,26.0,70.0,94,0,0
194,Male,22.0,28.0,70,1,0
195,Male,28.0,64.0,42,1,4
196,Female,24.0,33.0,67,0,0
197,Male,35.0,34.0,4,1,2
198,Male,32.0,41.0,50,1,4
199,Female,25.0,125.0,94,0,1
200,Male,35.0,36.0,39,1,4
