CustomerID,Gender,Age,Annual_Income_k$,Spending_Score
1,Female,39.0,88.0,94
2,Male,42.0,30.0,11
3,Male,29.0,56.0,48
4,Female,51.0,96.0,10
5,Male,52.0,21.0,25
6,Female,28.0,101.0,81
7,Male,53.0,31.0,38
8,Female,44.0,102.0,77
9,Male,39.0,126.0,38
10,Female,59.0,26.0,35
11,Male,25.0,23.0,88
12,Female,44.0,26.0,28
13,Male,48.0,24.0,25
14,Male,56.0,15.0,30
15,Female,50.0,,37
16,Male,44.0,67.0,57
17,Female,30.0,44.0,51
18,Female,33.0,93.0,62
19,Female,27.0,138.0,79
20,Female,25.0,18.0,77
21,Male,36.0,37.0,29
22,Female,53.0,23.0,4
23,Male,29.0,119.0,92
24,Female,33.0,136.0,84
25,Female,36.0,19.0,36
26,Male,29.0,18.0,67
27,Female,53.0,119.0,20
28,Female,44.0,16.0,31
29,Female,46.0,33.0,20
30,Male,41.0,86.0,14
31,Female,34.0,128.0,99
32,Male,30.0,57.0,54
33,Male,32.0,41.0,55
34,Male,25.0,124.0,68
35,Male,44.0,86.0,78
36,Female,50.0,22.0,4
37,Female,43.0,106.0,18
38,Male,21.0,34.0,95
39,Male,50.0,32.0,25
40,Female,42.0,29.0,24
41,Female,53.0,107.0,19
42,Female,30.0,80.0,92
43,Female,41.0,35.0,21
44,Female,44.0,88.0,94
45,Female,41.0,121.0,26
46,Male,37.0,69.0,55
47,Female,42.0,56.0,54
48,Male,18.0,31.0,76
49,Female,59.0,29.0,13
50,Female,37.0,19.0,11
51,Female,39.0,68.0,53
52,Male,27.0,32.0,94
53,Female,56.0,109.0,31
54,Male,32.0,67.0,55
55,Male,25.0,72.0,95
56,Female,51.0,20.0,31
57,Male,20.0,35.0,82
58,Female,26.0,76.0,80
59,Female,27.0,21.0,73
60,Female,59.0,83.0,7
61,Male,,15.0,38
62,Male,44.0,45.0,50
63,Male,64.0,85.0,18
64,Female,43.0,134.0,13
65,Female,25.0,71.0,66
66,Male,43.0,89.0,97
67,Male,33.0,46.0,50
68,Female,51.0,94.0,38
69,Female,29.0,,83
70,Male,35.0,49.0,40
71,Female,57.0,92.0,25
72,Male,23.0,22.0,60
73,Female,54.0,29.0,18
74,Female,29.0,139.0,67
75,Female,26.0,16.0,64
76,Female,41.0,34.0,28
77,Female,20.0,26.0,93
78,Male,56.0,35.0,33
79,Male,64.0,87.0,2
80,Male,23.0,16.0,60
81,Female,42.0,67.0,54
82,Female,28.0,50.0,41
83,Male,61.0,78.0,15
84,Male,46.0,77.0,17
85,Male,34.0,58.0,44
86,Male,32.0,59.0,50
87,Female,57.0,111.0,27
88,Female,51.0,78.0,12
89,Female,45.0,19.0,15
90,Female,48.0,27.0,15
91,Female,23.0,22.0,94
92,Male,38.0,17.0,27
93,Female,21.0,28.0,85
94,Female,28.0,32.0,75
95,Female,26.0,85.0,79
96,Male,59.0,18.0,15
97,Female,32.0,57.0,50
98,Female,40.0,40.0,58
99,Female,29.0,26.0,83
100,Male,64.0,86.0,24
101,Female,33.0,45.0,58
102,Female,59.0,82.0,5
103,Male,46.0,74.0,35
104,Male,47.0,37.0,4
105,Female,43.0,117.0,76
106,Female,28.0,36.0,87
107,Male,52.0,81.0,18
108,Male,38.0,138.0,30
109,Male,36.0,138.0,71
110,Male,33.0,128.0,70
111,Female,57.0,38.0,35
112,Male,41.0,121.0,88
113,Female,62.0,114.0,30
114,Male,41.0,100.0,92
115,Male,32.0,85.0,83
116,Female,44.0,66.0,43
117,Female,48.0,73.0,0
118,Male,28.0,24.0,66
119,Female,47.0,111.0,20
120,Male,19.0,29.0,67
121,Male,25.0,32.0,84
122,Female,43.0,58.0,52
123,Female,24.0,23.0,99
124,Male,20.0,35.0,74
125,Female,29.0,129.0,67
126,Female,43.0,49.0,48
127,Female,31.0,108.0,61
128,Female,27.0,80.0,75
129,Male,43.0,25.0,0
130,Female,22.0,39.0,83
131,Male,46.0,108.0,2
132,Female,22.0,19.0,74
133,Female,28.0,21.0,80
134,Male,36.0,53.0,41
135,Male,28.0,39.0,73
136,Female,26.0,81.0,92
137,Male,54.0,22.0,29
138,Male,58.0,122.0,9
139,Female,29.0,36.0,67
140,Female,29.0,32.0,71
141,Female,28.0,43.0,41
142,Female,54.0,76.0,32
143,Male,57.0,26.0,2
144,Male,24.0,37.0,69
145,Female,,139.0,83
146,Female,51.0,127.0,27
147,Female,54.0,105.0,2
148,Male,19.0,29.0,66
149,Female,22.0,34.0,84
150,Female,41.0,92.0,63
151,Female,29.0,60.0,44
152,Male,31.0,63.0,58
153,Male,47.0,127.0,19
154,Female,37.0,107.0,75
155,Female,39.0,49.0,56
156,Female,37.0,74.0,38
157,Male,30.0,41.0,45
158,Female,36.0,41.0,43
159,Female,41.0,58.0,47
160,Female,56.0,37.0,9
161,Female,51.0,15.0,9
162,Female,57.0,108.0,27
163,Female,30.0,106.0,81
164,Male,35.0,69.0,49
165,Female,41.0,59.0,42
166,Male,41.0,126.0,95
167,Male,44.0,56.0,52
168,Male,37.0,54.0,47
169,Female,27.0,18.0,68
170,Male,29.0,16.0,92
171,Female,29.0,18.0,92
172,Male,51.0,122.0,12
173,Female,43.0,104.0,0
174,Male,36.0,105.0,79
175,Male,63.0,98.0,34
176,Male,47.0,27.0,21
177,Male,32.0,63.0,53
178,Male,36.0,109.0,77
179,Male,25.0,70.0,62
180,Female,58.0,20.0,36
181,Female,25.0,17.0,90
182,Female,57.0,35.0,22
183,Male,41.0,111.0,73
184,Female,25.0,21.0,68
185,Male,,135.0,36
186,Male,40.0,45.0,57
187,Female,18.0,20.0,98
188,Female,50.0,85.0,5
189,Male,49.0,33.0,32
190,Male,41.0,89.0,84
191,Male,28.0,54.0,44
192,Male,29.0,62.0,45
193,Female,26.0,70.0,94
194,Male,22.0,28.0,70
195,Male,28.0,64.0,42
196,Female,24.0,33.0,67
197,Male,35.0,34.0,4
198,Male,32.0,41.0,50
199,Female,25.0,125.0,94
200,Male,35.0,36.0,39
1,Female,39.0,88.0,94
